{
  "threshold": 0.05,
  "recall": 1.0,
  "precision": 0.0349933958749619,
  "f1": 0.06762052012009064
}